delka,zeme,rok,hodnoceni_procenta,hodnoceni_pocet,zanr,zanr_id,zeme_id
86.0,USA,2000,24.0,177,Thriller,28,10
23.0,USA,2010,83.0,15,Komedie,12,10
88.0,USA,2009,36.0,24,Horor,10,10
22.0,USA,2002,90.0,370,Animovaný,2,10
1.0,Česko,2020,62.0,11,Krátkometrážní,14,12
92.0,USA,1996,58.0,13,Thriller,28,10
90.0,Kanada,1999,42.0,13,Drama,5,4
90.0,USA,1996,51.0,81,Komedie,12,10
92.0,USA,1989,50.0,42,Thriller,28,10
99.0,Velká Británie,1998,87.0,165,Dokumentární,4,11
83.0,Itálie,1990,35.0,11,Drama,5,2
85.0,USA,2003,14.0,521,Sci-Fi,24,10
80.0,USA,1966,38.0,18,Sci-Fi,24,10
7785.0,Německo,(1992–2006),17.0,5 427,Akční,1,6
78.0,Velká Británie,1951,63.0,16,Mysteriózní,17,11
89.0,Německo,2002,39.0,14,Drama,5,6
30.0,Velká Británie,1989,89.0,82,Komedie,12,11
94.0,USA,1999,66.0,125,Drama,5,10
22.0,USA,2019,54.0,10,Komedie,12,10
1240.0,Velká Británie,(1992–2012),77.0,473,Komedie,12,11
110.0,USA,1984,84.0,63,Drama,5,10
104.0,Velká Británie,2000,83.0,100,Krimi,13,11
46.0,Německo,2013,74.0,80,Akční,1,6
45.0,Německo,2012,76.0,78,Akční,1,6
45.0,Německo,2017,67.0,68,Akční,1,6
45.0,Německo,2018,65.0,55,Akční,1,6
90.0,USA,1987,63.0,267,Animovaný,2,10
105.0,USA,1947,67.0,11,Muzikál,16,10
115.0,Velká Británie,1964,72.0,601,Krimi,13,11
102.0,USA,1989,71.0,4 278,Rodinný,22,10
145.0,Velká Británie,2004,88.0,669,Komedie,12,11
85.0,Německo,1946,79.0,204,Drama,5,6
87.0,Japonsko,1965,84.0,72,Drama,5,3
91.0,USA,2004,56.0,1 408,Horor,10,10
288.0,Japonsko,2017,65.0,16,Animovaný,2,3
300.0,Japonsko,2008,61.0,67,Animovaný,2,3
70.0,USA,1999,78.0,759,Animovaný,2,10
40.0,USA,1996,63.0,26,Animovaný,2,10
111.0,USA,1980,65.0,23,Drama,5,10
18.0,Česko,2000,63.0,15,Dokumentární,4,12
81.0,USA,2003,36.0,55,Horor,10,10
66.0,USA,2001,80.0,49,Dokumentární,4,10
90.0,Francie,2015,62.0,61,Drama,5,1
88.0,USA,2003,43.0,29,Drama,5,10
47.0,Velká Británie,2010,62.0,27,Drama,5,11
110.0,Francie,1994,76.0,280,Drama,5,1
80.0,USA,1972,61.0,37,Horor,10,10
95.0,Velká Británie,1977,55.0,11,Komedie,12,11
70.0,Česko,1995,61.0,40,Krimi,13,12
42.0,Francie,1967,87.0,14,Experimentální,6,1
91.0,Německo,2002,48.0,13,Krimi,13,6
92.0,USA,1994,49.0,1 004,Rodinný,22,10
93.0,USA,1998,56.0,57,Drama,5,10
102.0,USA,1955,78.0,38,Western,29,10
99.0,USA,1994,69.0,122,Komedie,12,10
105.0,Itálie,1950,66.0,13,Drama,5,2
45.0,Německo,2001,15.0,414,Krimi,13,6
88.0,USA,1997,36.0,21,Akční,1,10
92.0,Německo,2002,15.0,12,Krimi,13,6
95.0,Německo,2003,46.0,13,Krimi,13,6
94.0,USA,1994,44.0,43,Akční,1,10
100.0,USA,1997,63.0,74,Drama,5,10
101.0,Itálie,1969,80.0,29,Drama,5,2
104.0,Japonsko,1999,76.0,592,Animovaný,2,3
180.0,USA,1997,53.0,201,Akční,1,10
83.0,USA,1989,66.0,896,Akční,1,10
88.0,Velká Británie,1966,66.0,10,Komedie,12,11
28.0,Velká Británie,2001,78.0,24,Komedie,12,11
28.0,Velká Británie,2002,75.0,23,Komedie,12,11
29.0,Velká Británie,2002,64.0,20,Komedie,12,11
29.0,Velká Británie,2006,66.0,16,Komedie,12,11
187.0,USA,1993,76.0,1 328,Drama,5,10
1176.0,Japonsko,(1995–1996),72.0,45,Animovaný,2,3
107.0,USA,2004,43.0,18 071,Romantický,23,10
12.0,USA,2003,66.0,157,Krátkometrážní,14,10
21.0,USA,2013,67.0,196,Komedie,12,10
21.0,USA,2014,63.0,191,Komedie,12,10
46.0,USA,2004,66.0,27,Drama,5,10
45.0,USA,2006,81.0,98,Krimi,13,10
45.0,USA,2008,85.0,99,Krimi,13,10
23.0,Maďarsko,1969,88.0,109,Animovaný,2,5
74.0,Česko,1993,60.0,395,Pohádka,18,12
92.0,Francie,1984,84.0,34,Dokumentární,4,1
42.0,USA,1995,85.0,40,Dokumentární,4,10
22.0,Japonsko,1997,89.0,81,Animovaný,2,3
25.0,Japonsko,2004,88.0,19,Animovaný,2,3
45.0,Německo,2006,64.0,44,Dokumentární,4,6
102.0,USA,2000,88.0,61 172,Drama,5,10
119.0,USA,2001,65.0,12 058,Komedie,12,10
86.0,Francie,1975,67.0,15,Thriller,28,1
32.0,USA,2019,77.0,302,Animovaný,2,10
90.0,USA,1978,64.0,65,Pornografický,19,10
62.0,USA,1948,78.0,25,Mysteriózní,17,10
112.0,USA,1993,59.0,276,Drama,5,10
87.0,Japonsko,1952,72.0,15,Drama,5,3
90.0,USA,2001,88.0,100 985,Animovaný,2,10
90.0,USA,2004,65.0,36 789,Animovaný,2,10
88.0,USA,1995,41.0,2 151,Horor,10,10
7.0,USA,1938,74.0,42,Rodinný,22,10
89.0,USA,1994,54.0,442,Akční,1,10
8.0,USA,1939,58.0,36,Animovaný,2,10
7.0,USA,1943,77.0,44,Animovaný,2,10
48.0,Velká Británie,2009,85.0,15,Dokumentární,4,11
7.0,USA,1940,54.0,14,Animovaný,2,10
110.0,Velká Británie,1983,64.0,14,Drama,5,11
82.0,USA,1987,55.0,20,Drama,5,10
1056.0,Japonsko,(1999–2000),77.0,76,Animovaný,2,3
17.0,USA,2001,32.0,17,Komedie,12,10
93.0,USA,1996,51.0,40,Drama,5,10
95.0,USA,2001,40.0,18,Drama,5,10
30.0,USA,1991,60.0,16,Hudební,11,10
102.0,USA,1984,65.0,66,Komedie,12,10
82.0,USA,1999,65.0,41,Dokumentární,4,10
103.0,USA,1988,72.0,1 473,Komedie,12,10
90.0,USA,1988,55.0,53,Komedie,12,10
108.0,USA,1936,72.0,27,Muzikál,16,10
27.0,Francie,1929,70.0,81,Krátkometrážní,14,1
30.0,Česko,1993,78.0,207,Komedie,12,12
8.0,Francie,1910,62.0,38,Krátkometrážní,14,1
88.0,Velká Británie,1974,64.0,65,Horor,10,11
115.0,USA,2001,55.0,163,Drama,5,10
91.0,USA,1987,47.0,21,Drama,5,10
60.0,Velká Británie,2010,88.0,26,Krimi,13,11
140.0,Japonsko,1983,76.0,44,Drama,5,3
75.0,USA,2002,74.0,120,Komedie,12,10
44.0,USA,2005,83.0,129,Akční,1,10
43.0,USA,2010,81.0,109,Akční,1,10
42.0,USA,2011,74.0,105,Akční,1,10
44.0,USA,2012,78.0,67,Akční,1,10
43.0,USA,2017,81.0,54,Akční,1,10
43.0,USA,2021,75.0,37,Akční,1,10
120.0,Velká Británie,1988,57.0,56,Talk-show,27,11
25.0,Japonsko,2002,81.0,26,Animovaný,2,3
25.0,Japonsko,2002,88.0,26,Animovaný,2,3
25.0,Japonsko,2005,89.0,16,Animovaný,2,3
25.0,Japonsko,2007,92.0,17,Animovaný,2,3
25.0,Japonsko,2011,95.0,13,Animovaný,2,3
25.0,Japonsko,2014,92.0,12,Animovaný,2,3
25.0,Japonsko,2014,100.0,12,Animovaný,2,3
25.0,Japonsko,2014,95.0,12,Animovaný,2,3
25.0,Japonsko,2017,69.0,11,Animovaný,2,3
7.0,USA,1947,83.0,384,Animovaný,2,10
73.0,USA,1995,77.0,37,Pornografický,19,10
22.0,USA,1992,81.0,54,Animovaný,2,10
7.0,USA,1946,72.0,25,Animovaný,2,10
546.0,USA,2007,69.0,49,Sci-Fi,24,10
60.0,Velká Británie,2003,93.0,27,Dokumentární,4,11
96.0,USA,1995,35.0,19,Fantasy,7,10
96.0,USA,2000,44.0,82,Krimi,13,10
468.0,Velká Británie,2005,72.0,49,Komedie,12,11
45.0,Velká Británie,2017,72.0,13,Komedie,12,11
92.0,Německo,2004,36.0,34,Komedie,12,6
109.0,USA,1989,53.0,685,Horor,10,10
90.0,Velká Británie,2004,69.0,115,Krimi,13,11
85.0,USA,1982,44.0,143,Horor,10,10
91.0,USA,1990,56.0,32,Dobrodružný,3,10
77.0,USA,2003,35.0,160,Horor,10,10
50.0,Česko,2004,44.0,31,Drama,5,12
23.0,Japonsko,2004,90.0,93,Animovaný,2,3
23.0,Japonsko,2004,88.0,94,Animovaný,2,3
23.0,Japonsko,2004,88.0,93,Animovaný,2,3
23.0,Japonsko,2006,82.0,65,Animovaný,2,3
9.0,USA,1942,68.0,52,Animovaný,2,10
78.0,USA,1941,82.0,82,Rodinný,22,10
113.0,USA,1998,55.0,256,Komedie,12,10
90.0,USA,1991,40.0,10,Pornografický,19,10
120.0,Španělsko,1983,51.0,22,Drama,5,13
624.0,Japonsko,2007,81.0,1 234,Animovaný,2,3
93.0,USA,1986,73.0,162,Akční,1,10
52.0,Slovensko,2000,58.0,135,Drama,5,9
24.0,Velká Británie,2002,68.0,25,Komedie,12,11
6.0,USA,1956,78.0,42,Animovaný,2,10
109.0,Velká Británie,1969,62.0,60,Krimi,13,11
106.0,Velká Británie,1998,47.0,20,Drama,5,11
104.0,USA,2002,51.0,377,Akční,1,10
43.0,USA,2004,87.0,131,Drama,5,10
43.0,USA,2005,86.0,119,Drama,5,10
43.0,USA,2007,87.0,93,Drama,5,10
43.0,USA,2010,83.0,75,Drama,5,10
43.0,USA,2011,85.0,75,Drama,5,10
30.0,USA,2005,71.0,30,Komedie,12,10
42.0,USA,2009,62.0,26,Krimi,13,10
53.0,USA,2015,62.0,18,Dokumentární,4,10
22.0,USA,2007,68.0,45,Animovaný,2,10
22.0,USA,2013,63.0,29,Animovaný,2,10
22.0,USA,2016,76.0,34,Animovaný,2,10
22.0,USA,2016,64.0,34,Animovaný,2,10
22.0,USA,2020,68.0,10,Animovaný,2,10
94.0,USA,2005,40.0,13,Rodinný,22,10
100.0,USA,1984,52.0,15,Drama,5,10
93.0,USA,1997,63.0,6 690,Komedie,12,10
324.0,Japonsko,(2015–2017),64.0,192,Animovaný,2,3
1095.0,Německo,(2003–2006),36.0,44,Krimi,13,6
112.0,Kanada,1997,79.0,416,Drama,5,4
92.0,USA,1993,52.0,220,Rodinný,22,10
91.0,USA,1997,72.0,1 696,Komedie,12,10
100.0,USA,1983,87.0,14,Drama,5,10
99.0,USA,2006,41.0,3 055,Komedie,12,10
22.0,USA,2010,69.0,13,Animovaný,2,10
22.0,USA,2010,71.0,11,Animovaný,2,10
100.0,USA,2006,72.0,11 085,Animovaný,2,10
93.0,Slovensko,2009,60.0,3 243,Drama,5,9
22.0,USA,1988,48.0,13,Animovaný,2,10
540.0,USA,2005,71.0,14,Drama,5,10
21.0,USA,2006,86.0,449,Komedie,12,10
22.0,USA,2009,87.0,319,Komedie,12,10
22.0,USA,2010,80.0,308,Komedie,12,10
12.0,Česko,2008,73.0,518,Krátkometrážní,14,12
86.0,Velká Británie,1978,60.0,122,Dokumentární,4,11
111.0,USA,1945,82.0,703,Drama,5,10
43.0,USA,2008,79.0,67,Drama,5,10
43.0,USA,2015,80.0,46,Drama,5,10
43.0,USA,2016,72.0,43,Drama,5,10
43.0,USA,2018,73.0,47,Drama,5,10
92.0,USA,1993,59.0,9 628,Komedie,12,10
20.0,Česko,2010,54.0,29,Krátkometrážní,14,12
25.0,USA,2005,76.0,177,Animovaný,2,10
25.0,USA,2006,93.0,155,Animovaný,2,10
550.0,USA,(2007–2008),96.0,551,Animovaný,2,10
25.0,USA,2008,95.0,153,Animovaný,2,10
30.0,USA,2008,98.0,184,Animovaný,2,10
95.0,Japonsko,1958,74.0,46,Komedie,12,3
75.0,USA,2006,65.0,971,Animovaný,2,10
26.0,USA,2010,77.0,29,Komedie,12,10
26.0,USA,2012,67.0,27,Komedie,12,10
92.0,Velká Británie,2005,64.0,1 038,Drama,5,11
26.0,Česko,2015,58.0,31,Dokumentární,4,12
96.0,USA,1980,58.0,32,Drama,5,10
53.0,USA,1993,53.0,43,Dokumentární,4,10
3997.0,Česko,(2006–2007),28.0,220,Rodinný,22,12
51.0,Česko,2005,31.0,83,Rodinný,22,12
55.0,Česko,2007,28.0,52,Rodinný,22,12
62.0,Česko,2016,29.0,25,Rodinný,22,12
59.0,Česko,2008,30.0,39,Rodinný,22,12
60.0,Česko,2009,32.0,41,Rodinný,22,12
58.0,Česko,2010,29.0,36,Rodinný,22,12
61.0,Česko,2016,30.0,26,Rodinný,22,12
62.0,Česko,2012,35.0,25,Rodinný,22,12
62.0,Česko,2014,33.0,22,Rodinný,22,12
62.0,Česko,2015,27.0,21,Rodinný,22,12
60.0,Česko,2018,40.0,30,Rodinný,22,12
43.0,USA,2007,86.0,373,Drama,5,10
44.0,USA,2010,91.0,264,Drama,5,10
44.0,USA,2011,91.0,274,Drama,5,10
66.0,Velká Británie,1980,75.0,15,Rodinný,22,11
85.0,USA,2004,47.0,69,Drama,5,10
29.0,USA,2004,67.0,22,Komedie,12,10
29.0,USA,2005,70.0,18,Komedie,12,10
26.0,USA,2007,69.0,16,Komedie,12,10
25.0,USA,2010,67.0,14,Komedie,12,10
31.0,USA,2010,79.0,18,Komedie,12,10
125.0,USA,1930,83.0,127,Dobrodružný,3,10
25.0,Japonsko,2003,87.0,57,Animovaný,2,3
100.0,USA,2001,40.0,292,Pornografický,19,10
60.0,USA,1982,84.0,26,Dokumentární,4,10
111.0,USA,1992,64.0,10,Drama,5,10
45.0,Velká Británie,2007,76.0,304,Sci-Fi,24,11
9.0,Kanada,1970,78.0,17,Krátkometrážní,14,4
45.0,USA,2006,70.0,14,Krimi,13,10
43.0,USA,2007,75.0,12,Krimi,13,10
43.0,USA,2008,64.0,14,Krimi,13,10
42.0,USA,2018,85.0,43,Krimi,13,10
80.0,USA,2003,37.0,21,Krimi,13,10
86.0,USA,1992,75.0,11,Komedie,12,10
90.0,Francie,2000,51.0,11,Dobrodružný,3,1
22.0,USA,2007,75.0,165,Komedie,12,10
69.0,Česko,2005,56.0,210,Rodinný,22,12
42.0,USA,2020,71.0,72,Akční,1,10
42.0,USA,2007,80.0,108,Komedie,12,10
42.0,USA,2007,76.0,101,Komedie,12,10
44.0,USA,2009,72.0,91,Komedie,12,10
40.0,USA,2017,83.0,84,Komedie,12,10
22.0,USA,2006,82.0,525,Komedie,12,10
22.0,USA,2009,84.0,413,Komedie,12,10
22.0,USA,2013,79.0,335,Komedie,12,10
44.0,USA,2005,87.0,485,Horor,10,10
43.0,USA,2006,92.0,362,Horor,10,10
55.0,USA,2006,87.0,311,Horor,10,10
1007.0,USA,(2008–2009),92.0,663,Horor,10,10
60.0,USA,2009,95.0,238,Horor,10,10
42.0,USA,2014,84.0,143,Horor,10,10
42.0,USA,2015,78.0,132,Horor,10,10
103.0,USA,2006,55.0,1 362,Drama,5,10
54.0,Slovensko,2005,72.0,33,Dokumentární,4,9
56.0,Česko,1995,59.0,54,Drama,5,12
88.0,USA,2022,30.0,63,Hudební,11,10
73.0,USA,1972,51.0,13,Mysteriózní,17,10
7.0,Česko,2005,76.0,39,Animovaný,2,12
24.0,Japonsko,2004,86.0,34,Animovaný,2,3
24.0,Japonsko,2004,88.0,26,Animovaný,2,3
24.0,Japonsko,2005,79.0,15,Animovaný,2,3
92.0,Japonsko,2002,74.0,31,Animovaný,2,3
8784.0,Japonsko,(2004–2012),81.0,118,Animovaný,2,3
24.0,Japonsko,2007,84.0,15,Animovaný,2,3
85.0,USA,1992,56.0,51,Komedie,12,10
44.0,USA,2010,68.0,16,Drama,5,10
42.0,USA,2011,65.0,15,Komedie,12,10
50.0,Česko,2007,40.0,13,Drama,5,12
62.0,Česko,1998,48.0,390,Pohádka,18,12
66.0,Česko,1998,74.0,138,Drama,5,12
56.0,Česko,2006,57.0,30,Dokumentární,4,12
43.0,USA,2007,81.0,72,Drama,5,10
43.0,USA,2009,76.0,60,Drama,5,10
105.0,Velká Británie,2007,63.0,102,Drama,5,11
109.0,Francie,1982,64.0,282,Komedie,12,1
110.0,Francie,1980,66.0,427,Komedie,12,1
859.0,USA,(2009–2010),66.0,10,Komedie,12,10
82.0,USA,2006,70.0,5 778,Drama,5,10
1.0,USA,1896,54.0,92,Krátkometrážní,14,10
8.0,USA,1943,65.0,38,Krátkometrážní,14,10
112.0,Velká Británie,1981,63.0,22,Komedie,12,11
98.0,USA,2007,53.0,7 382,Komedie,12,10
114.0,USA,2007,83.0,24 968,Drama,5,10
85.0,USA,2007,63.0,4 779,Krimi,13,10
122.0,Japonsko,1987,84.0,41,Dokumentární,4,3
44.0,Kanada,2016,83.0,45,Dokumentární,4,4
44.0,Kanada,2016,78.0,53,Dokumentární,4,4
50.0,Kanada,2018,79.0,29,Dokumentární,4,4
1.0,USA,1902,62.0,31,Krátkometrážní,14,10
30.0,Slovensko,2007,60.0,274,Dokumentární,4,9
118.0,USA,2007,29.0,407,Horor,10,10
10.0,Kanada,1974,65.0,43,Animovaný,2,4
2.0,Velká Británie,1962,39.0,42,Animovaný,2,11
83.0,USA,2007,54.0,1 152,Animovaný,2,10
91.0,USA,2007,71.0,2 279,Drama,5,10
103.0,USA,2010,61.0,13 995,Horor,10,10
52.0,Česko,2007,24.0,14,Drama,5,12
92.0,USA,2007,44.0,782,Akční,1,10
88.0,USA,2005,49.0,17,Horor,10,10
57.0,Česko,1997,88.0,41,Dokumentární,4,12
87.0,Kanada,2005,64.0,143,Rodinný,22,4
27.0,USA,2006,89.0,112,Komedie,12,10
1.0,Velká Británie,1900,66.0,113,Krátkometrážní,14,11
47.0,Velká Británie,2012,73.0,46,Drama,5,11
90.0,USA,2008,35.0,115,Krimi,13,10
1196.0,Francie,(2005–2008),53.0,31,Animovaný,2,1
104.0,Japonsko,2006,61.0,54,Rodinný,22,3
11.0,USA,1972,63.0,40,Krátkometrážní,14,10
4.0,Velká Británie,1904,51.0,13,Krátkometrážní,14,11
22.0,USA,2009,81.0,326,Animovaný,2,10
99.0,Japonsko,1982,64.0,11,Animovaný,2,3
24.0,Japonsko,2009,90.0,95,Animovaný,2,3
24.0,Japonsko,2012,93.0,91,Animovaný,2,3
24.0,Japonsko,2012,91.0,79,Animovaný,2,3
24.0,Japonsko,2014,93.0,73,Animovaný,2,3
125.0,Německo,2007,59.0,16,Drama,5,6
113.0,Španělsko,2007,68.0,39,Drama,5,13
7.0,Velká Británie,2009,88.0,26,Animovaný,2,11
7.0,Velká Británie,2016,91.0,17,Animovaný,2,11
110.0,Česko,2012,62.0,5 960,Komedie,12,12
45.0,USA,1997,77.0,82,Dokumentární,4,10
612.0,USA,2007,80.0,358,Drama,5,10
590.0,USA,2007,79.0,22,Drama,5,10
91.0,USA,2007,81.0,613,Dokumentární,4,10
99.0,USA,2009,57.0,48,Drama,5,10
341.0,Velká Británie,2016,80.0,191,Drama,5,11
286.0,USA,(2007–2008),69.0,71,Komedie,12,10
1990.0,USA,(2007–2010),47.0,599,Drama,5,10
102.0,USA,1950,64.0,21,Krimi,13,10
29.0,Velká Británie,2004,74.0,14,Komedie,12,11
3.0,Francie,1968,60.0,11,Krátkometrážní,14,1
91.0,Velká Británie,2009,57.0,4 726,Akční,1,11
210.0,USA,2007,90.0,285,Dokumentární,4,10
92.0,USA,2006,55.0,39,Drama,5,10
50.0,Japonsko,1989,35.0,11,Animovaný,2,3
94.0,USA,2007,46.0,149,Drama,5,10
95.0,Kanada,2006,26.0,91,Thriller,28,4
11.0,USA,2008,93.0,27,Animovaný,2,10
11.0,USA,2013,85.0,13,Animovaný,2,10
80.0,Francie,2007,70.0,783,Drama,5,1
373.0,Velká Británie,(2006–2007),74.0,88,Krimi,13,11
122.0,Velká Británie,2008,64.0,236,Krimi,13,11
21.0,USA,2011,72.0,10,Komedie,12,10
25.0,Maďarsko,1973,89.0,167,Animovaný,2,5
24.0,Japonsko,2006,85.0,12,Animovaný,2,3
3.0,Česko,2007,66.0,38,Komedie,12,12
94.0,USA,2009,53.0,9 467,Dobrodružný,3,10
108.0,USA,1995,59.0,3 058,Akční,1,10
80.0,USA,1919,75.0,15,Komedie,12,10
105.0,USA,1966,66.0,486,Thriller,28,10
6.0,USA,1963,58.0,22,Krátkometrážní,14,10
96.0,USA,2010,45.0,10 365,Akční,1,10
129.0,Velká Británie,2011,65.0,547,Romantický,23,11
101.0,USA,2008,47.0,321,Mysteriózní,17,10
98.0,USA,2007,34.0,60,Drama,5,10
137.0,Česko,2004,85.0,133,Dokumentární,4,12
4471.0,USA,(2008–2013),80.0,9 201,Mysteriózní,17,10
92.0,Velká Británie,1960,63.0,14,Komedie,12,11
88.0,USA,2007,36.0,48,Mysteriózní,17,10
112.0,USA,2006,88.0,16,Dokumentární,4,10
90.0,Kanada,2006,49.0,96,Thriller,28,4
57.0,Česko,2005,92.0,438,Hudební,11,12
41.0,USA,2012,78.0,137,Drama,5,10
43.0,USA,2014,75.0,142,Drama,5,10
85.0,Velká Británie,1938,72.0,23,Komedie,12,11
20.0,Česko,2005,84.0,11,Dokumentární,4,12
92.0,Kanada,2004,16.0,189,Sci-Fi,24,4
90.0,USA,2007,48.0,128,Sci-Fi,24,10
104.0,Německo,2009,71.0,73,Komedie,12,6
50.0,Velká Británie,2010,86.0,29,Dobrodružný,3,11
7.0,USA,2008,71.0,20,Dokumentární,4,10
8.0,Česko,2003,71.0,30,Loutkový,15,12
90.0,USA,2000,65.0,34,Komedie,12,10
323.0,Japonsko,2017,92.0,48,Animovaný,2,3
84.0,USA,1972,46.0,14,Horor,10,10
26.0,Česko,2009,81.0,78,Dokumentární,4,12
26.0,Česko,2009,77.0,97,Dokumentární,4,12
27.0,Česko,2010,74.0,64,Dokumentární,4,12
26.0,Česko,2010,72.0,71,Dokumentární,4,12
26.0,Česko,2011,72.0,51,Dokumentární,4,12
26.0,Česko,2019,67.0,27,Dokumentární,4,12
18.0,Česko,2008,58.0,41,Dokumentární,4,12
60.0,Česko,2005,25.0,9 811,Reality-TV,21,12
52.0,Francie,2016,95.0,12,Drama,5,1
52.0,Francie,2017,94.0,13,Drama,5,1
85.0,USA,2008,85.0,941,Komedie,12,10
57.0,Česko,2003,58.0,52,Dokumentární,4,12
26.0,Francie,2007,82.0,376,Dokumentární,4,1
24.0,Japonsko,2008,80.0,19,Animovaný,2,3
8.0,Japonsko,1982,81.0,23,Krátkometrážní,14,3
87.0,Francie,2006,64.0,11,Krimi,13,1
77.0,Španělsko,2005,15.0,15,Komedie,12,13
43.0,USA,2009,85.0,90,Krimi,13,10
44.0,USA,2012,86.0,78,Krimi,13,10
44.0,USA,2013,79.0,70,Krimi,13,10
43.0,USA,2013,82.0,76,Krimi,13,10
45.0,USA,2013,82.0,68,Krimi,13,10
45.0,USA,2013,78.0,63,Krimi,13,10
17.0,Česko,2008,72.0,223,Dokumentární,4,12
43.0,USA,2011,70.0,42,Krimi,13,10
28.0,USA,2010,75.0,21,Komedie,12,10
45.0,USA,2011,85.0,36,Komedie,12,10
81.0,USA,1955,75.0,1 153,Thriller,28,10
48.0,Česko,2007,61.0,79,Dokumentární,4,12
46.0,Slovensko,2009,64.0,21,Drama,5,9
4737.0,USA,(2006–2022),64.0,180,Animovaný,2,10
30.0,Velká Británie,2007,65.0,103,Dokumentární,4,11
8.0,Česko,2009,76.0,74,Dokumentární,4,12
21.0,USA,2010,83.0,77,Komedie,12,10
22.0,USA,2015,93.0,42,Komedie,12,10
52.0,Česko,2010,71.0,25,Dokumentární,4,12
43.0,USA,2017,65.0,122,Dobrodružný,3,10
86.0,USA,2010,59.0,1 003,Thriller,28,10
90.0,Kanada,2008,42.0,11,Romantický,23,4
24.0,Japonsko,2007,72.0,60,Animovaný,2,3
95.0,USA,2009,79.0,560,Drama,5,10
42.0,USA,2009,81.0,217,Drama,5,10
42.0,USA,2014,83.0,114,Drama,5,10
43.0,USA,2017,82.0,104,Drama,5,10
40.0,Česko,1997,24.0,2 572,Soutěžní,25,12
73.0,Kanada,2008,58.0,11,Komedie,12,4
84.0,USA,1973,73.0,61,Komedie,12,10
3.0,Česko,2012,80.0,37,Animovaný,2,12
60.0,USA,1997,80.0,24,Dokumentární,4,10
57.0,Velká Británie,2003,80.0,13,Dokumentární,4,11
75.0,USA,2004,92.0,154,Hudební,11,10
42.0,USA,2011,62.0,21,Krimi,13,10
42.0,USA,2013,59.0,19,Krimi,13,10
43.0,USA,2017,58.0,23,Krimi,13,10
42.0,USA,2019,65.0,20,Krimi,13,10
195.0,Česko,2007,79.0,31,Dokumentární,4,12
102.0,Itálie,2008,49.0,26,Krimi,13,2
60.0,Německo,2017,73.0,12,Krimi,13,6
107.0,USA,2010,76.0,37 578,Akční,1,10
90.0,Německo,2001,61.0,23,Krimi,13,6
90.0,Německo,1999,37.0,37,Krimi,13,6
90.0,Německo,2016,65.0,48,Krimi,13,6
90.0,Německo,2018,75.0,16,Krimi,13,6
94.0,USA,1949,63.0,13,Drama,5,10
30.0,Velká Británie,2009,76.0,19,Komedie,12,11
30.0,Velká Británie,2009,75.0,19,Komedie,12,11
100.0,USA,2009,54.0,10,Komedie,12,10
58.0,Česko,2000,78.0,150,Dokumentární,4,12
52.0,Česko,2004,85.0,39,Dokumentární,4,12
52.0,Česko,2010,82.0,265,Rodinný,22,12
52.0,Česko,2012,80.0,166,Rodinný,22,12
43.0,USA,2010,65.0,21,Sci-Fi,24,10
91.0,Španělsko,2009,55.0,123,Mysteriózní,17,13
57.0,Česko,2009,61.0,84,Dokumentární,4,12
44.0,USA,2013,63.0,22,Dokumentární,4,10
156.0,USA,1943,82.0,112,Drama,5,10
79.0,USA,1991,66.0,10,Krimi,13,10
22.0,USA,2009,87.0,204,Komedie,12,10
22.0,USA,2013,84.0,129,Komedie,12,10
102.0,USA,2009,55.0,878,Akční,1,10
21.0,USA,2011,79.0,111,Komedie,12,10
21.0,USA,2013,79.0,94,Komedie,12,10
483.0,USA,(2016–2017),81.0,235,Komedie,12,10
22.0,USA,2011,80.0,67,Animovaný,2,10
22.0,USA,2014,83.0,58,Animovaný,2,10
85.0,USA,2008,75.0,11,Dokumentární,4,10
2305.0,USA,(2010–2014),52.0,2 155,Komedie,12,10
83.0,Japonsko,2009,59.0,32,Drama,5,3
58.0,Japonsko,2009,80.0,65,Krimi,13,3
90.0,USA,2013,37.0,23,Komedie,12,10
54.0,Japonsko,2008,81.0,26,Romantický,23,3
29.0,Česko,2009,61.0,31,Dokumentární,4,12
118.0,Česko,2009,69.0,44,Dokumentární,4,12
105.0,Česko,2009,78.0,13,Dokumentární,4,12
57.0,Česko,2009,20.0,450,Pohádka,18,12
130.0,Německo,2000,46.0,14,Horor,10,6
80.0,USA,2009,24.0,485,Horor,10,10
62.0,Česko,2008,75.0,199,Komedie,12,12
44.0,USA,2008,55.0,21,Dokumentární,4,10
60.0,Velká Británie,2006,70.0,14,Drama,5,11
87.0,USA,2000,53.0,18,Pornografický,19,10
97.0,USA,2010,72.0,11 537,Drama,5,10
53.0,Česko,2008,61.0,56,Hudební,11,12
60.0,Česko,2006,87.0,43,Hudební,11,12
45.0,Slovensko,2008,71.0,13,Dokumentární,4,9
52.0,Česko,2007,64.0,51,Hudební,11,12
41.0,Slovensko,2011,52.0,12,Drama,5,9
160.0,USA,2005,58.0,19,Pornografický,19,10
42.0,USA,2011,81.0,139,Drama,5,10
42.0,USA,2011,87.0,113,Drama,5,10
42.0,USA,2014,90.0,87,Drama,5,10
47.0,Velká Británie,2010,88.0,203,Drama,5,11
64.0,USA,2011,83.0,52,Drama,5,10
15.0,Česko,2009,39.0,35,Krátkometrážní,14,12
43.0,Česko,2010,57.0,15,Dokumentární,4,12
42.0,USA,2013,76.0,18,Akční,1,10
48.0,Velká Británie,2008,79.0,36,Dokumentární,4,11
103.0,USA,1984,75.0,150,Drama,5,10
240.0,USA,2010,87.0,156,Sportovní,26,10
89.0,USA,1940,80.0,12,Komedie,12,10
90.0,USA,2005,17.0,184,Sci-Fi,24,10
58.0,Česko,2008,73.0,49,Dokumentární,4,12
3.0,Slovensko,2013,71.0,592,Krátkometrážní,14,9
484.0,USA,2011,65.0,242,Drama,5,10
10.0,Japonsko,1997,63.0,14,Krátkometrážní,14,3
97.0,Itálie,2001,24.0,15,Dobrodružný,3,2
44.0,USA,2013,85.0,66,Drama,5,10
46.0,USA,2016,83.0,70,Komedie,12,10
9.0,Francie,1946,65.0,27,Animovaný,2,1
100.0,USA,1987,60.0,66,Dobrodružný,3,10
6.0,Francie,1909,55.0,51,Krátkometrážní,14,1
90.0,Česko,2012,22.0,1 844,Komedie,12,12
79.0,Velká Británie,1951,70.0,52,Komedie,12,11
119.0,USA,1947,86.0,27,Drama,5,10
50.0,Japonsko,2008,80.0,69,Drama,5,3
52.0,Kanada,2009,70.0,33,Dokumentární,4,4
180.0,USA,2010,83.0,72,Sportovní,26,10
113.0,Velká Británie,2010,71.0,1 037,Komedie,12,11
76.0,Česko,1996,59.0,27,Komedie,12,12
60.0,Slovensko,2008,69.0,33,Dokumentární,4,9
21.0,USA,2014,75.0,11,Komedie,12,10
104.0,Francie,2009,83.0,126,Dokumentární,4,1
93.0,USA,2011,57.0,1 399,Komedie,12,10
41.0,Slovensko,2002,10.0,41,Hudební,11,9
42.0,USA,2012,75.0,25,Krimi,13,10
1050.0,USA,(2015–2016),70.0,56,Krimi,13,10
1050.0,USA,(2016–2017),68.0,51,Krimi,13,10
41.0,USA,2019,77.0,18,Krimi,13,10
12.0,USA,2014,95.0,27,Animovaný,2,10
12.0,USA,2014,93.0,30,Animovaný,2,10
44.0,USA,2018,95.0,39,Animovaný,2,10
52.0,Česko,2010,85.0,75,Hudební,11,12
5.0,Česko,2007,75.0,28,Krátkometrážní,14,12
83.0,USA,1948,68.0,13,Komedie,12,10
61.0,Francie,2008,69.0,32,Dokumentární,4,1
6.0,Francie,2009,72.0,253,Krátkometrážní,14,1
22.0,USA,2011,89.0,19,Animovaný,2,10
100.0,Itálie,2011,35.0,206,Drama,5,2
60.0,Kanada,2006,69.0,50,Reality-TV,21,4
30.0,Slovensko,2007,31.0,481,Publicistický,20,9
30.0,Česko,2010,32.0,33,Krátkometrážní,14,12
5.0,Česko,2009,54.0,19,Krátkometrážní,14,12
30.0,Velká Británie,2010,80.0,26,Komedie,12,11
36.0,Japonsko,2009,70.0,73,Komedie,12,3
53.0,Německo,2009,64.0,15,Dokumentární,4,6
18.0,USA,2009,59.0,14,Krátkometrážní,14,10
143.0,USA,1962,58.0,29,Muzikál,16,10
121.0,USA,2012,65.0,30 717,Dobrodružný,3,10
43.0,USA,2017,77.0,13,Dokumentární,4,10
17.0,Česko,2010,60.0,11,Dokumentární,4,12
22.0,USA,2011,87.0,11,Animovaný,2,10
2.0,Velká Británie,2006,64.0,46,Krátkometrážní,14,11
5.0,Česko,2011,57.0,15,Dokumentární,4,12
30.0,Japonsko,2001,35.0,38,Animovaný,2,3
30.0,Velká Británie,2013,88.0,70,Komedie,12,11
80.0,USA,2011,67.0,20,Komedie,12,10
56.0,USA,2012,91.0,224,Krimi,13,10
90.0,Velká Británie,2010,88.0,329,Komedie,12,11
43.0,Kanada,2003,70.0,12,Dokumentární,4,4
50.0,Francie,2010,87.0,31,Dokumentární,4,1
50.0,Velká Británie,2000,70.0,12,Dokumentární,4,11
23.0,USA,2011,70.0,20,Animovaný,2,10
41.0,USA,2007,26.0,82,Pornografický,19,10
51.0,Velká Británie,2011,93.0,11,Dokumentární,4,11
70.0,USA,2011,14.0,46,Horor,10,10
44.0,USA,2012,77.0,120,Krimi,13,10
7.0,USA,2010,64.0,36,Animovaný,2,10
24.0,Japonsko,2011,89.0,11,Animovaný,2,3
500.0,Polsko,1973,83.0,16,Drama,5,7
26.0,Česko,2012,62.0,13,Dokumentární,4,12
8.0,Francie,1990,52.0,56,Krátkometrážní,14,1
23.0,USA,2014,90.0,100,Animovaný,2,10
9.0,Velká Británie,2012,21.0,16,Krátkometrážní,14,11
7.0,Německo,2009,85.0,11,Krátkometrážní,14,6
5.0,USA,2009,80.0,1 234,Komedie,12,10
180.0,Itálie,2011,58.0,184,Drama,5,2
84.0,USA,2012,23.0,13,Horor,10,10
55.0,USA,2010,81.0,68,Hudební,11,10
94.0,Kanada,2011,54.0,570,Akční,1,4
80.0,USA,2011,74.0,497,Hudební,11,10
44.0,USA,2017,74.0,67,Fantasy,7,10
41.0,USA,2014,85.0,22,Komedie,12,10
21.0,USA,2013,83.0,109,Komedie,12,10
111.0,Česko,2010,87.0,177,Komedie,12,12
20.0,Česko,2011,69.0,18,Dokumentární,4,12
90.0,USA,1998,56.0,33,Rodinný,22,10
107.0,USA,2010,35.0,16,Horor,10,10
8.0,USA,2010,87.0,11,Animovaný,2,10
52.0,Německo,2007,67.0,70,Dokumentární,4,6
104.0,Rakousko,2011,68.0,79,Drama,5,8
4.0,Velká Británie,2009,45.0,58,Krátkometrážní,14,11
15.0,Česko,2009,48.0,10,Krátkometrážní,14,12
43.0,USA,2013,90.0,171,Drama,5,10
42.0,USA,2019,89.0,73,Drama,5,10
17.0,Česko,2007,73.0,49,Dokumentární,4,12
45.0,Kanada,2010,73.0,45,Dokumentární,4,4
1050.0,Španělsko,(2011–2012),70.0,22,Dobrodružný,3,13
91.0,USA,2011,44.0,110,Horor,10,10
95.0,Japonsko,2012,40.0,151,Horor,10,3
43.0,USA,2012,89.0,91,Drama,5,10
96.0,Itálie,2006,59.0,79,Animovaný,2,2
88.0,Velká Británie,2020,73.0,18,Krimi,13,11
4.0,USA,2011,42.0,11,Krátkometrážní,14,10
13.0,Česko,2010,64.0,19,Dokumentární,4,12
60.0,Německo,2009,64.0,19,Dokumentární,4,6
2.0,Německo,2010,56.0,36,Krátkometrážní,14,6
49.0,Velká Británie,2009,83.0,68,Dokumentární,4,11
19.0,Slovensko,2006,68.0,12,Krátkometrážní,14,9
24.0,Japonsko,2006,61.0,29,Animovaný,2,3
109.0,Japonsko,2012,63.0,19,Komedie,12,3
79.0,USA,1989,53.0,12,Horor,10,10
11.0,Slovensko,2011,49.0,94,Krátkometrážní,14,9
205.0,Velká Británie,2011,79.0,210,Drama,5,11
52.0,Velká Británie,2011,72.0,59,Drama,5,11
49.0,Velká Británie,2019,84.0,49,Drama,5,11
90.0,Německo,2010,34.0,90,Drama,5,6
90.0,Německo,2010,38.0,81,Komedie,12,6
24.0,USA,2012,83.0,27,Animovaný,2,10
24.0,USA,2013,93.0,18,Animovaný,2,10
23.0,USA,2013,81.0,16,Animovaný,2,10
23.0,USA,2014,83.0,14,Animovaný,2,10
58.0,USA,2011,92.0,13,Dokumentární,4,10
85.0,Velká Británie,2002,90.0,101,Dokumentární,4,11
88.0,USA,2012,53.0,11,Pornografický,19,10
180.0,USA,1986,30.0,40,Drama,5,10
74.0,USA,1998,38.0,13,Horor,10,10
26.0,Slovensko,2012,36.0,31,Publicistický,20,9
120.0,USA,2011,48.0,36,Pornografický,19,10
24.0,Japonsko,2014,91.0,26,Animovaný,2,3
47.0,Velká Británie,2010,75.0,20,Dokumentární,4,11
50.0,USA,2009,86.0,26,Dokumentární,4,10
72.0,Francie,2010,39.0,20,Horor,10,1
105.0,USA,2012,65.0,36,Pornografický,19,10
90.0,USA,2012,40.0,207,Horor,10,10
180.0,Velká Británie,2010,82.0,72,Krimi,13,11
112.0,Itálie,2012,70.0,200,Drama,5,2
100.0,USA,2013,43.0,389,Horor,10,10
170.0,Velká Británie,1964,61.0,14,Drama,5,11
52.0,Česko,2011,72.0,32,Hudební,11,12
39.0,USA,2000,82.0,207,Dokumentární,4,10
50.0,Rakousko,2010,87.0,30,Dokumentární,4,8
110.0,Německo,2011,55.0,102,Drama,5,6
85.0,Kanada,2012,72.0,100,Drama,5,4
530.0,Velká Británie,2020,84.0,61,Drama,5,11
120.0,Česko,2011,54.0,78,Hudební,11,12
93.0,USA,2012,68.0,10,Animovaný,2,10
139.0,Velká Británie,2009,81.0,24,Dokumentární,4,11
1791.0,USA,(2012–2019),70.0,608,Komedie,12,10
30.0,Slovensko,1994,46.0,83,Talk-show,27,9
51.0,USA,2011,75.0,12,Dokumentární,4,10
26.0,Česko,2008,63.0,77,Dokumentární,4,12
26.0,Česko,2017,57.0,43,Dokumentární,4,12
6.0,Česko,2012,34.0,10,Krátkometrážní,14,12
440.0,USA,2009,70.0,160,Dokumentární,4,10
5.0,Itálie,2012,21.0,23,Krátkometrážní,14,2
637.0,USA,2013,64.0,21,Drama,5,10
106.0,USA,2018,63.0,471,Životopisný,30,10
54.0,USA,2012,82.0,94,Drama,5,10
107.0,USA,2012,61.0,1 831,Drama,5,10
22.0,USA,2012,67.0,41,Dokumentární,4,10
14.0,Česko,2007,50.0,26,Dokumentární,4,12
6.0,Česko,2012,51.0,34,Krátkometrážní,14,12
29.0,USA,2016,93.0,26,Drama,5,10
1011.0,USA,(2012–2013),82.0,112,Akční,1,10
41.0,USA,2017,83.0,23,Akční,1,10
42.0,USA,2019,82.0,24,Akční,1,10
46.0,USA,2012,74.0,101,Krimi,13,10
43.0,USA,2015,60.0,37,Krimi,13,10
43.0,USA,2016,69.0,38,Krimi,13,10
43.0,USA,2019,82.0,34,Krimi,13,10
90.0,Velká Británie,2012,52.0,273,Horor,10,11
45.0,Česko,2012,44.0,103,Komedie,12,12
87.0,USA,2012,51.0,139,Hudební,11,10
88.0,USA,2011,74.0,16,Drama,5,10
12.0,USA,2016,93.0,12,Animovaný,2,10
12.0,USA,2016,72.0,10,Animovaný,2,10
104.0,Česko,2012,66.0,913,Dokumentární,4,12
43.0,USA,2012,69.0,33,Akční,1,10
60.0,USA,2016,73.0,15,Akční,1,10
23.0,USA,2013,65.0,12,Komedie,12,10
123.0,USA,1980,74.0,164,Krimi,13,10
53.0,Česko,2015,70.0,22,Dokumentární,4,12
140.0,Itálie,1975,79.0,891,Komedie,12,2
43.0,USA,2012,73.0,11,Drama,5,10
58.0,Česko,1994,43.0,126,Komedie,12,12
45.0,USA,2015,86.0,24,Mysteriózní,17,10
23.0,Japonsko,2012,88.0,58,Animovaný,2,3
24.0,Japonsko,2012,67.0,27,Animovaný,2,3
60.0,Velká Británie,2010,79.0,20,Dokumentární,4,11
93.0,USA,2014,54.0,3 731,Komedie,12,10
60.0,Velká Británie,2013,78.0,440,Drama,5,11
43.0,USA,2014,62.0,12,Krimi,13,10
968.0,USA,(2015–2016),68.0,24,Krimi,13,10
100.0,Francie,1985,67.0,31,Komedie,12,1
4.0,USA,2011,35.0,12,Krátkometrážní,14,10
30.0,USA,2008,78.0,45,Dokumentární,4,10
98.0,USA,2000,43.0,196,Komedie,12,10
17.0,Polsko,2011,65.0,27,Krátkometrážní,14,7
4.0,USA,2009,64.0,27,Krátkometrážní,14,10
43.0,USA,2013,78.0,13,Komedie,12,10
420.0,USA,2016,82.0,25,Komedie,12,10
45.0,Velká Británie,2008,64.0,22,Dokumentární,4,11
87.0,USA,2014,42.0,11,Mysteriózní,17,10
98.0,Francie,1972,72.0,1 872,Komedie,12,1
90.0,Francie,1969,61.0,14,Komedie,12,1
25.0,Japonsko,2016,97.0,22,Animovaný,2,3
25.0,Japonsko,2018,92.0,25,Animovaný,2,3
23.0,Japonsko,2012,89.0,16,Animovaný,2,3
22.0,USA,2013,89.0,201,Animovaný,2,10
22.0,USA,2015,82.0,191,Animovaný,2,10
789.0,USA,(2012–2015),84.0,5 062,Animovaný,2,10
97.0,Německo,2012,81.0,33,Dokumentární,4,6
447.0,USA,(2012–2013),86.0,654,Animovaný,2,10
22.0,USA,2014,96.0,179,Animovaný,2,10
80.0,Německo,1990,64.0,15,Dokumentární,4,6
44.0,USA,2011,47.0,198,Dokumentární,4,10
86.0,USA,2013,8.0,10,Horor,10,10
8.0,Velká Británie,2010,86.0,135,Krátkometrážní,14,11
102.0,Itálie,1988,46.0,207,Komedie,12,2
44.0,Česko,2013,73.0,17,Dokumentární,4,12
60.0,USA,2009,60.0,12,Dokumentární,4,10
122.0,Německo,1997,75.0,676,Drama,5,6
86.0,USA,2015,86.0,786,Krimi,13,10
96.0,Japonsko,2013,51.0,11,Fantasy,7,3
53.0,Itálie,2010,76.0,37,Dokumentární,4,2
8.0,USA,2012,27.0,21,Krátkometrážní,14,10
99.0,USA,1980,55.0,162,Akční,1,10
43.0,USA,2015,83.0,149,Drama,5,10
50.0,Velká Británie,2011,74.0,54,Dokumentární,4,11
44.0,USA,2017,94.0,33,Krimi,13,10
276.0,Japonsko,2013,64.0,173,Animovaný,2,3
45.0,Velká Británie,2016,65.0,16,Drama,5,11
6.0,Česko,2010,28.0,29,Krátkometrážní,14,12
57.0,Česko,2009,77.0,13,Dokumentární,4,12
94.0,Itálie,1960,60.0,14,Akční,1,2
754.0,Velká Británie,(2013–2015),83.0,985,Komedie,12,11
43.0,USA,2016,72.0,10,Akční,1,10
91.0,USA,2013,28.0,12,Sci-Fi,24,10
22.0,USA,2015,65.0,12,Animovaný,2,10
87.0,Španělsko,2012,71.0,105,Komedie,12,13
70.0,Česko,2013,82.0,1 745,Animovaný,2,12
15.0,Velká Británie,1999,69.0,42,Krátkometrážní,14,11
45.0,USA,2015,94.0,65,Krimi,13,10
60.0,Velká Británie,2013,95.0,2 722,Dokumentární,4,11
541.0,USA,2014,78.0,1 524,Fantasy,7,10
43.0,USA,2016,83.0,221,Fantasy,7,10
677.0,Česko,2017,62.0,857,Drama,5,12
52.0,Česko,2017,63.0,167,Drama,5,12
60.0,Česko,2018,68.0,149,Drama,5,12
28.0,Česko,2014,75.0,859,Komedie,12,12
86.0,USA,2013,59.0,134,Komedie,12,10
60.0,Velká Británie,2018,84.0,44,Krimi,13,11
3.0,Francie,2012,70.0,30,Krátkometrážní,14,1
180.0,USA,1997,98.0,11,Sportovní,26,10
83.0,USA,2013,80.0,53,Dokumentární,4,10
86.0,USA,2013,29.0,6 273,Horor,10,10
90.0,USA,2012,71.0,373,Drama,5,10
96.0,USA,2016,86.0,511,Krimi,13,10
100.0,USA,1994,59.0,19,Sci-Fi,24,10
22.0,USA,2013,76.0,260,Komedie,12,10
21.0,USA,2014,77.0,223,Komedie,12,10
21.0,USA,2015,81.0,196,Komedie,12,10
43.0,USA,2015,70.0,23,Akční,1,10
42.0,USA,2016,69.0,23,Akční,1,10
46.0,USA,2013,70.0,12,Krimi,13,10
93.0,USA,1957,72.0,26,Drama,5,10
76.0,USA,2014,63.0,180,Drama,5,10
42.0,USA,2016,78.0,11,Drama,5,10
29.0,USA,2015,95.0,105,Komedie,12,10
91.0,USA,1987,56.0,125,Akční,1,10
7.0,Slovensko,2011,32.0,29,Krátkometrážní,14,9
22.0,USA,2016,74.0,42,Komedie,12,10
20.0,USA,2018,74.0,40,Komedie,12,10
3624.0,USA,(2013–2021),57.0,2 520,Komedie,12,10
4.0,USA,2008,60.0,775,Krátkometrážní,14,10
50.0,Německo,2012,86.0,57,Dokumentární,4,6
60.0,Velká Británie,2009,89.0,30,Komedie,12,11
4.0,USA,2001,62.0,147,Krátkometrážní,14,10
2028.0,Francie,(2012–2013),71.0,11,Dokumentární,4,1
43.0,USA,2021,83.0,31,Krimi,13,10
58.0,USA,2017,86.0,169,Drama,5,10
56.0,Česko,2014,71.0,169,Drama,5,12
24.0,USA,2011,85.0,392,Krátkometrážní,14,10
4.0,Velká Británie,2013,34.0,25,Krátkometrážní,14,11
25.0,Japonsko,2013,90.0,18,Animovaný,2,3
25.0,Japonsko,2013,79.0,16,Animovaný,2,3
24.0,Japonsko,2014,89.0,11,Animovaný,2,3
5.0,USA,2002,77.0,279,Krátkometrážní,14,10
23.0,Slovensko,2012,51.0,32,Krátkometrážní,14,9
45.0,Německo,2012,85.0,221,Dokumentární,4,6
6.0,USA,2009,18.0,196,Drama,5,10
4.0,USA,2013,63.0,292,Krátkometrážní,14,10
5.0,Velká Británie,2013,63.0,29,Animovaný,2,11
250.0,USA,2013,93.0,18,Dokumentární,4,10
4.0,USA,2013,46.0,18,Krátkometrážní,14,10
50.0,Německo,2013,83.0,26,Dokumentární,4,6
96.0,USA,1998,48.0,73,Drama,5,10
44.0,USA,2014,63.0,13,Drama,5,10
102.0,USA,2016,35.0,11,Akční,1,10
94.0,USA,2014,22.0,45,Horor,10,10
264.0,Velká Británie,2019,85.0,19,Dokumentární,4,11
42.0,USA,2016,73.0,14,Drama,5,10
27.0,Česko,2015,73.0,18,Dokumentární,4,12
70.0,Slovensko,2013,73.0,47,Hudební,11,9
86.0,USA,2018,68.0,7 277,Animovaný,2,10
52.0,Francie,2011,77.0,124,Dokumentární,4,1
23.0,Japonsko,2014,78.0,30,Animovaný,2,3
430.0,USA,2016,78.0,334,Drama,5,10
47.0,Česko,2013,60.0,143,Drama,5,12
4.0,USA,1995,86.0,67,Krátkometrážní,14,10
91.0,USA,2014,56.0,558,Drama,5,10
20.0,USA,2015,74.0,62,Komedie,12,10
23.0,USA,2016,75.0,41,Komedie,12,10
40.0,USA,2014,54.0,13,Drama,5,10
13.0,USA,1908,64.0,10,Krátkometrážní,14,10
3.0,Velká Británie,2011,53.0,200,Krátkometrážní,14,11
1234.0,Polsko,(2004–2008),86.0,22,Krimi,13,7
51.0,USA,2017,77.0,74,Krimi,13,10
52.0,USA,2013,35.0,162,Krátkometrážní,14,10
6.0,Česko,2013,75.0,247,Publicistický,20,12
113.0,Francie,1956,77.0,29,Drama,5,1
193.0,USA,2014,67.0,65,Sportovní,26,10
52.0,Česko,2014,81.0,41,Hudební,11,12
42.0,USA,2021,51.0,64,Akční,1,10
112.0,Japonsko,2014,53.0,59,Thriller,28,3
44.0,USA,2014,80.0,333,Krimi,13,10
2.0,Velká Británie,2013,68.0,36,Krátkometrážní,14,11
42.0,Německo,2013,57.0,19,Dokumentární,4,6
27.0,Slovensko,2014,67.0,12,Dokumentární,4,9
11.0,USA,2007,88.0,73,Animovaný,2,10
10.0,Japonsko,1984,60.0,11,Krátkometrážní,14,3
42.0,USA,2017,80.0,43,Komedie,12,10
4.0,USA,2013,62.0,64,Krátkometrážní,14,10
576.0,Japonsko,(2014–2015),74.0,198,Animovaný,2,3
50.0,USA,2014,85.0,123,Dokumentární,4,10
56.0,USA,2018,67.0,191,Akční,1,10
5.0,Česko,2014,90.0,173,Komedie,12,12
79.0,Kanada,2014,54.0,446,Horor,10,4
2.0,USA,2013,68.0,17,Krátkometrážní,14,10
83.0,USA,2015,53.0,888,Horor,10,10
44.0,USA,2014,83.0,94,Krimi,13,10
1367.0,USA,(2013–2015),54.0,17,Komedie,12,10
56.0,Česko,2015,46.0,17,Rodinný,22,12
63.0,Česko,2015,61.0,115,Komedie,12,12
6.0,USA,2010,25.0,25,Krátkometrážní,14,10
92.0,USA,2016,77.0,36,Dokumentární,4,10
61.0,USA,2020,81.0,109,Drama,5,10
56.0,Česko,2014,71.0,167,Dobrodružný,3,12
43.0,USA,2015,69.0,68,Dobrodružný,3,10
4.0,Česko,1999,44.0,65,Hudební,11,12
42.0,USA,2016,80.0,10,Komedie,12,10
44.0,USA,2009,40.0,25,Krátkometrážní,14,10
48.0,USA,2017,69.0,15,Drama,5,10
114.0,Německo,2014,76.0,110,Dokumentární,4,6
88.0,Itálie,1968,69.0,34,Životopisný,30,2
21.0,USA,2017,65.0,13,Komedie,12,10
4.0,Česko,2004,70.0,109,Krátkometrážní,14,12
4.0,Česko,2012,55.0,75,Krátkometrážní,14,12
41.0,USA,2016,57.0,20,Krimi,13,10
25.0,Japonsko,2020,78.0,13,Animovaný,2,3
25.0,Japonsko,2014,93.0,23,Animovaný,2,3
64.0,Česko,2014,88.0,26,Hudební,11,12
45.0,Velká Británie,2020,71.0,32,Krimi,13,11
4.0,Velká Británie,2014,59.0,15,Krátkometrážní,14,11
41.0,USA,1996,88.0,205,Hudební,11,10
26.0,Francie,1996,79.0,82,Krátkometrážní,14,1
3.0,Slovensko,2014,47.0,25,Krátkometrážní,14,9
90.0,Německo,2014,38.0,17,Akční,1,6
43.0,USA,2014,79.0,446,Dobrodružný,3,10
179.0,USA,2015,89.0,34,Sportovní,26,10
88.0,USA,2016,57.0,391,Krimi,13,10
26.0,Česko,2015,79.0,41,Dokumentární,4,12
93.0,USA,2016,49.0,548,Krimi,13,10
4.0,USA,2014,86.0,43,Krátkometrážní,14,10
62.0,USA,2014,81.0,438,Dokumentární,4,10
103.0,Velká Británie,2017,64.0,44,Komedie,12,11
91.0,Francie,2015,71.0,58,Drama,5,1
364.0,Francie,2009,60.0,10,Animovaný,2,1
54.0,USA,2021,75.0,42,Krimi,13,10
50.0,Slovensko,2015,68.0,70,Komedie,12,9
59.0,Velká Británie,2013,68.0,103,Dokumentární,4,11
45.0,USA,2017,73.0,52,Drama,5,10
3.0,Česko,2015,89.0,119,Komedie,12,12
75.0,Velká Británie,2015,71.0,55,Drama,5,11
27.0,Česko,2014,50.0,16,Dokumentární,4,12
52.0,Německo,2012,81.0,129,Dokumentární,4,6
22.0,USA,2014,56.0,14,Komedie,12,10
96.0,USA,1997,32.0,31,Akční,1,10
57.0,USA,2016,82.0,121,Drama,5,10
58.0,USA,2017,88.0,116,Drama,5,10
305.0,USA,2016,84.0,981,Akční,1,10
30.0,USA,2018,84.0,301,Akční,1,10
40.0,USA,2018,75.0,20,Akční,1,10
90.0,USA,2014,46.0,82,Thriller,28,10
5.0,Česko,2002,82.0,183,Krátkometrážní,14,12
58.0,Česko,2015,83.0,468,Krimi,13,12
86.0,USA,2015,41.0,850,Horor,10,10
48.0,USA,2016,91.0,422,Krimi,13,10
2.0,USA,1956,65.0,30,Hudební,11,10
15.0,Kanada,2014,74.0,10,Krátkometrážní,14,4
22.0,USA,2015,67.0,11,Komedie,12,10
25.0,Japonsko,2015,85.0,13,Animovaný,2,3
25.0,Japonsko,2019,78.0,13,Animovaný,2,3
276.0,Japonsko,2015,49.0,21,Animovaný,2,3
22.0,USA,2017,80.0,12,Animovaný,2,10
5.0,Velká Británie,1974,55.0,11,Hudební,11,11
28.0,USA,2018,76.0,25,Komedie,12,10
27.0,USA,2019,83.0,25,Komedie,12,10
60.0,Velká Británie,2013,87.0,42,Dokumentární,4,11
90.0,Německo,2005,15.0,31,Komedie,12,6
81.0,USA,2015,65.0,70,Dokumentární,4,10
55.0,Česko,2016,58.0,64,Komedie,12,12
59.0,USA,2019,77.0,48,Drama,5,10
25.0,Slovensko,2016,44.0,11,Komedie,12,9
26.0,Francie,2009,80.0,19,Dokumentární,4,1
63.0,USA,2018,93.0,125,Dokumentární,4,10
91.0,USA,2016,46.0,283,Horor,10,10
42.0,USA,2016,60.0,11,Drama,5,10
23.0,Japonsko,2016,87.0,45,Animovaný,2,3
73.0,USA,1952,37.0,18,Drama,5,10
18.0,Japonsko,2015,80.0,10,Animovaný,2,3
107.0,Kanada,2016,61.0,14,Romantický,23,4
52.0,Rakousko,2014,64.0,25,Dokumentární,4,8
49.0,Velká Británie,2015,82.0,22,Dokumentární,4,11
90.0,Velká Británie,1975,93.0,123,Hudební,11,11
90.0,USA,1990,52.0,137,Komedie,12,10
52.0,Francie,2015,80.0,14,Komedie,12,1
50.0,USA,2019,63.0,281,Sci-Fi,24,10
62.0,Velká Británie,2015,84.0,53,Dokumentární,4,11
45.0,Německo,2015,87.0,11,Dokumentární,4,6
63.0,Francie,2015,70.0,10,Dokumentární,4,1
91.0,USA,1994,22.0,736,Akční,1,10
6.0,USA,2013,49.0,56,Krátkometrážní,14,10
4.0,USA,2010,70.0,80,Krátkometrážní,14,10
91.0,USA,2002,67.0,5 890,Komedie,12,10
82.0,USA,2016,66.0,10,Dokumentární,4,10
427.0,USA,2017,68.0,148,Mysteriózní,17,10
70.0,Španělsko,2016,62.0,13,Dokumentární,4,13
33.0,USA,2017,80.0,24,Komedie,12,10
29.0,USA,2019,80.0,19,Komedie,12,10
23.0,Japonsko,2016,74.0,13,Animovaný,2,3
27.0,Francie,2016,73.0,71,Krátkometrážní,14,1
25.0,Japonsko,2016,80.0,33,Animovaný,2,3
4.0,USA,2008,64.0,23,Hudební,11,10
47.0,Velká Británie,2018,76.0,45,Krimi,13,11
26.0,Česko,2016,83.0,13,Dokumentární,4,12
30.0,USA,2016,47.0,38,Talk-show,27,10
18.0,Japonsko,1986,71.0,106,Krátkometrážní,14,3
26.0,Velká Británie,1944,72.0,123,Thriller,28,11
50.0,Německo,2017,68.0,16,Drama,5,6
90.0,USA,2016,40.0,19,Drama,5,10
43.0,USA,2018,70.0,27,Drama,5,10
83.0,USA,2016,42.0,67,Mysteriózní,17,10
87.0,USA,2016,46.0,59,Komedie,12,10
44.0,USA,2019,93.0,40,Krimi,13,10
24.0,Japonsko,2019,73.0,23,Animovaný,2,3
21.0,USA,2018,65.0,13,Komedie,12,10
22.0,USA,2017,65.0,13,Komedie,12,10
90.0,Francie,2013,55.0,13,Dokumentární,4,1
48.0,Německo,2014,83.0,24,Dokumentární,4,6
58.0,Francie,2015,67.0,12,Dokumentární,4,1
45.0,Kanada,2015,64.0,34,Dokumentární,4,4
160.0,USA,2024,66.0,2 156,Fantasy,7,10
43.0,USA,2019,79.0,130,Krimi,13,10
4.0,USA,1996,56.0,11,Krátkometrážní,14,10
90.0,Japonsko,1959,68.0,38,Sci-Fi,24,3
17.0,Česko,2007,31.0,13,Publicistický,20,12
3.0,Česko,2016,65.0,32,Krátkometrážní,14,12
80.0,USA,1964,71.0,11,Horor,10,10
237.0,Česko,2017,73.0,9 312,Komedie,12,12
80.0,Kanada,2016,21.0,27,Animovaný,2,4
14.0,Česko,2015,33.0,57,Horor,10,12
90.0,USA,1994,22.0,205,Akční,1,10
50.0,USA,2014,65.0,173,Reality-TV,21,10
5.0,USA,2011,66.0,51,Krátkometrážní,14,10
42.0,USA,1987,52.0,23,Hudební,11,10
86.0,USA,1998,23.0,78,Drama,5,10
120.0,Japonsko,2017,62.0,65,Drama,5,3
121.0,USA,1996,75.0,15 998,Akční,1,10
44.0,USA,2012,90.0,523,Drama,5,10
71.0,USA,2016,59.0,14,Animovaný,2,10
70.0,Česko,2016,23.0,12,Publicistický,20,12
122.0,Velká Británie,2016,85.0,474,Dokumentární,4,11
76.0,USA,2016,43.0,71,Drama,5,10
35.0,USA,1989,51.0,16,Hudební,11,10
828.0,Kanada,(2016–2018),75.0,13,Akční,1,4
49.0,USA,2017,82.0,114,Komedie,12,10
81.0,USA,2007,54.0,10,Drama,5,10
100.0,USA,1941,78.0,2 875,Film-Noir,8,10
80.0,Německo,2016,79.0,199,Dokumentární,4,6
22.0,USA,2017,65.0,11,Horor,10,10
144.0,Slovensko,(2016–2023),56.0,68,Animovaný,2,9
43.0,Kanada,2016,64.0,16,Drama,5,4
98.0,USA,1995,77.0,2 544,Komedie,12,10
55.0,Česko,2017,59.0,63,Drama,5,12
55.0,Česko,2018,50.0,53,Drama,5,12
52.0,Francie,2015,75.0,30,Dokumentární,4,1
23.0,USA,2017,68.0,33,Komedie,12,10
11.0,USA,2009,35.0,15,Krátkometrážní,14,10
4.0,USA,2008,42.0,12,Krátkometrážní,14,10
48.0,Česko,2018,55.0,101,Krimi,13,12
45.0,Česko,2019,56.0,106,Krimi,13,12
85.0,Francie,2016,80.0,11,Dokumentární,4,1
24.0,Japonsko,2017,81.0,33,Animovaný,2,3
57.0,USA,2002,53.0,12,Krátkometrážní,14,10
124.0,USA,2016,54.0,39,Pornografický,19,10
108.0,USA,2017,54.0,318,Drama,5,10
95.0,Polsko,2016,65.0,20,Drama,5,7
3.0,USA,2014,55.0,12,Krátkometrážní,14,10
46.0,USA,2007,58.0,10,Krátkometrážní,14,10
4.0,Velká Británie,1979,77.0,40,Krátkometrážní,14,11
30.0,USA,2017,80.0,13,Komedie,12,10
252.0,Kanada,2019,79.0,29,Drama,5,4
42.0,Slovensko,2017,56.0,69,Komedie,12,9
83.0,USA,2015,90.0,14,Dokumentární,4,10
101.0,USA,2017,69.0,318,Drama,5,10
26.0,USA,2017,73.0,194,Komedie,12,10
35.0,USA,2008,30.0,10,Krátkometrážní,14,10
72.0,Německo,1990,63.0,39,Komedie,12,6
69.0,USA,2017,70.0,25,Komedie,12,10
34.0,Velká Británie,2008,78.0,10,Krátkometrážní,14,11
32.0,USA,2017,73.0,112,Komedie,12,10
65.0,USA,1958,55.0,182,Sci-Fi,24,10
52.0,Francie,2013,75.0,127,Dokumentární,4,1
13.0,Česko,2017,82.0,48,Animovaný,2,12
10.0,Česko,2014,47.0,15,Krátkometrážní,14,12
78.0,USA,2005,43.0,44,Komedie,12,10
9.0,Česko,2016,34.0,10,Komedie,12,12
43.0,USA,2019,84.0,193,Drama,5,10
43.0,USA,2020,78.0,147,Drama,5,10
43.0,USA,2021,55.0,136,Drama,5,10
83.0,Česko,2019,64.0,1 770,Drama,5,12
26.0,Česko,2015,61.0,24,Dokumentární,4,12
80.0,USA,2015,16.0,32,Thriller,28,10
38.0,Česko,2016,72.0,38,Krátkometrážní,14,12
288.0,Japonsko,2017,54.0,34,Animovaný,2,3
52.0,Francie,2017,40.0,13,Dokumentární,4,1
55.0,Česko,2017,65.0,183,Krimi,13,12
92.0,Itálie,1963,73.0,304,Mysteriózní,17,2
2.0,Velká Británie,1964,50.0,16,Hudební,11,11
43.0,USA,2018,70.0,33,Akční,1,10
42.0,USA,2021,68.0,25,Akční,1,10
48.0,USA,2019,87.0,156,Komedie,12,10
44.0,USA,2019,74.0,23,Drama,5,10
35.0,USA,2013,40.0,11,Krátkometrážní,14,10
30.0,Velká Británie,2009,56.0,21,Krátkometrážní,14,11
91.0,Kanada,2016,36.0,176,Thriller,28,4
43.0,USA,2019,74.0,14,Drama,5,10
22.0,USA,2018,43.0,13,Drama,5,10
94.0,USA,2015,47.0,67,Drama,5,10
1.0,USA,1991,54.0,14,Hudební,11,10
43.0,USA,2018,85.0,33,Drama,5,10
45.0,USA,2017,58.0,23,Reality-TV,21,10
276.0,Japonsko,2017,51.0,15,Animovaný,2,3
3.0,USA,2017,81.0,45,Krátkometrážní,14,10
42.0,USA,2018,74.0,16,Dobrodružný,3,10
41.0,USA,2018,72.0,13,Dobrodružný,3,10
52.0,Španělsko,2020,90.0,1 140,Akční,1,13
45.0,Japonsko,2013,61.0,23,Animovaný,2,3
4.0,Česko,2016,20.0,16,Krátkometrážní,14,12
10.0,USA,1981,71.0,43,Krátkometrážní,14,10
31.0,USA,2019,86.0,118,Komedie,12,10
34.0,USA,2019,91.0,116,Komedie,12,10
58.0,USA,2021,66.0,35,Krimi,13,10
125.0,Japonsko,2016,81.0,65,Drama,5,3
3.0,Slovensko,2006,67.0,20,Krátkometrážní,14,9
3.0,Česko,2006,35.0,26,Hudební,11,12
28.0,USA,2022,63.0,195,Animovaný,2,10
3.0,USA,2014,57.0,46,Krátkometrážní,14,10
50.0,USA,2019,69.0,35,Krimi,13,10
87.0,USA,2012,69.0,42,Komedie,12,10
47.0,USA,2017,56.0,67,Krátkometrážní,14,10
89.0,USA,2017,53.0,1 370,Drama,5,10
6.0,Velká Británie,1994,80.0,62,Krátkometrážní,14,11
108.0,Japonsko,2014,68.0,26,Animovaný,2,3
18.0,Japonsko,2013,66.0,20,Animovaný,2,3
27.0,USA,2017,81.0,123,Animovaný,2,10
86.0,Německo,2017,82.0,10,Hudební,11,6
101.0,Rakousko,2017,49.0,37,Thriller,28,8
23.0,Kanada,2017,74.0,19,Krátkometrážní,14,4
99.0,Japonsko,2017,85.0,96,Animovaný,2,3
108.0,Japonsko,1947,78.0,95,Drama,5,3
30.0,USA,2020,88.0,71,Drama,5,10
43.0,USA,2018,81.0,54,Akční,1,10
48.0,USA,2018,80.0,10,Dokumentární,4,10
52.0,Španělsko,2016,84.0,33,Dokumentární,4,13
288.0,Japonsko,2017,58.0,58,Animovaný,2,3
147.0,USA,2017,84.0,1 053,Dokumentární,4,10
80.0,Česko,2017,26.0,13,Hudební,11,12
29.0,Česko,2017,68.0,25,Dokumentární,4,12
54.0,USA,2012,89.0,199,Akční,1,10
4.0,Česko,2017,53.0,16,Krátkometrážní,14,12
66.0,USA,2017,72.0,44,Komedie,12,10
19.0,USA,2019,76.0,294,Komedie,12,10
57.0,USA,1984,71.0,22,Krátkometrážní,14,10
43.0,USA,2018,81.0,111,Drama,5,10
23.0,Velká Británie,2017,73.0,12,Komedie,12,11
3.0,Česko,2010,39.0,49,Hudební,11,12
87.0,USA,2017,43.0,105,Romantický,23,10
53.0,USA,2016,88.0,1 276,Životopisný,30,10
57.0,USA,2017,91.0,878,Životopisný,30,10
39.0,USA,2017,54.0,14,Krátkometrážní,14,10
27.0,USA,2022,82.0,149,Komedie,12,10
48.0,USA,2021,81.0,312,Drama,5,10
4.0,Česko,2013,86.0,38,Krátkometrážní,14,12
89.0,Itálie,1989,63.0,45,Horor,10,2
86.0,USA,2018,60.0,13,Drama,5,10
3.0,USA,2018,75.0,13,Krátkometrážní,14,10
47.0,USA,2022,79.0,54,Drama,5,10
5.0,Slovensko,2015,75.0,19,Krátkometrážní,14,9
90.0,Německo,2004,54.0,60,Krimi,13,6
90.0,Německo,2008,56.0,54,Krimi,13,6
33.0,Česko,2016,83.0,21,Krátkometrážní,14,12
103.0,USA,2000,55.0,72,Komedie,12,10
59.0,Velká Británie,2017,63.0,63,Dokumentární,4,11
55.0,Velká Británie,1998,84.0,19,Krátkometrážní,14,11
46.0,USA,2019,78.0,311,Sci-Fi,24,10
56.0,Česko,2016,45.0,22,Komedie,12,12
58.0,Česko,2016,42.0,21,Komedie,12,12
82.0,Kanada,2018,58.0,56,Komedie,12,4
84.0,USA,2018,59.0,34,Komedie,12,10
100.0,Itálie,2018,86.0,35,Dokumentární,4,2
44.0,Německo,2011,75.0,16,Dokumentární,4,6
53.0,USA,2021,82.0,24,Drama,5,10
90.0,Německo,2018,49.0,11,Drama,5,6
51.0,USA,2018,84.0,57,Dokumentární,4,10
6.0,Česko,2018,40.0,48,Komedie,12,12
71.0,USA,2018,64.0,10,Dokumentární,4,10
75.0,USA,2018,77.0,86,Dokumentární,4,10
48.0,Velká Británie,2017,75.0,41,Dokumentární,4,11
16.0,Japonsko,2018,78.0,25,Animovaný,2,3
3.0,Česko,2018,56.0,10,Krátkometrážní,14,12
45.0,Česko,2018,67.0,11,Dokumentární,4,12
21.0,USA,2019,64.0,11,Komedie,12,10
43.0,USA,2019,78.0,67,Drama,5,10
42.0,USA,2018,91.0,20,Komedie,12,10
47.0,USA,2019,80.0,286,Akční,1,10
23.0,USA,2020,90.0,107,Animovaný,2,10
18.0,USA,2018,81.0,18,Dokumentární,4,10
52.0,Francie,2017,85.0,159,Dokumentární,4,1
50.0,USA,1990,76.0,375,Drama,5,10
62.0,Česko,2018,61.0,77,Komedie,12,12
60.0,Česko,2019,61.0,50,Komedie,12,12
3.0,Česko,2018,27.0,11,Krátkometrážní,14,12
127.0,Kanada,2018,63.0,31,Komedie,12,4
45.0,USA,2005,60.0,71,Dokumentární,4,10
44.0,USA,2005,65.0,46,Dokumentární,4,10
7.0,Česko,2008,54.0,53,Krátkometrážní,14,12
90.0,Německo,2000,41.0,31,Krimi,13,6
52.0,Francie,2018,56.0,11,Krimi,13,1
44.0,USA,2019,68.0,51,Drama,5,10
42.0,USA,2019,55.0,114,Drama,5,10
22.0,USA,2019,71.0,45,Animovaný,2,10
4.0,Slovensko,2014,32.0,10,Krátkometrážní,14,9
4.0,Slovensko,2017,61.0,19,Krátkometrážní,14,9
6.0,USA,2016,76.0,33,Krátkometrážní,14,10
108.0,Japonsko,2018,84.0,620,Animovaný,2,3
90.0,USA,2018,35.0,21,Drama,5,10
100.0,Polsko,2018,70.0,57,Komedie,12,7
52.0,Česko,2015,64.0,14,Hudební,11,12
45.0,Německo,2016,62.0,10,Dokumentární,4,6
23.0,Japonsko,2021,74.0,23,Animovaný,2,3
480.0,USA,2019,58.0,101,Drama,5,10
5.0,Česko,2015,63.0,34,Krátkometrážní,14,12
30.0,Velká Británie,2018,79.0,16,Komedie,12,11
42.0,USA,2018,85.0,40,Dokumentární,4,10
10.0,Velká Británie,2013,78.0,26,Krátkometrážní,14,11
52.0,Česko,2018,76.0,80,Dokumentární,4,12
45.0,Velká Británie,2018,73.0,22,Dokumentární,4,11
97.0,USA,1993,59.0,1 196,Komedie,12,10
15.0,Francie,2018,75.0,163,Krátkometrážní,14,1
49.0,Slovensko,1996,61.0,24,Hudební,11,9
90.0,USA,2016,43.0,148,Akční,1,10
44.0,USA,2016,50.0,12,Krátkometrážní,14,10
29.0,Česko,2018,75.0,55,Krátkometrážní,14,12
45.0,Itálie,2019,78.0,45,Drama,5,2
90.0,USA,2018,78.0,77,Animovaný,2,10
52.0,Česko,2018,63.0,15,Hudební,11,12
24.0,USA,2018,73.0,15,Animovaný,2,10
95.0,USA,1984,64.0,137,Drama,5,10
24.0,Japonsko,2019,71.0,23,Animovaný,2,3
24.0,Japonsko,2019,89.0,47,Animovaný,2,3
88.0,Polsko,2015,73.0,182,Drama,5,7
50.0,USA,2015,79.0,47,Dokumentární,4,10
4.0,Slovensko,2018,56.0,17,Krátkometrážní,14,9
25.0,USA,1972,88.0,318,Komedie,12,10
23.0,USA,1995,78.0,21,Komedie,12,10
23.0,USA,1996,81.0,22,Komedie,12,10
23.0,USA,1997,79.0,20,Komedie,12,10
26.0,USA,1955,71.0,36,Krimi,13,10
42.0,USA,2016,67.0,554,Drama,5,10
22.0,USA,2003,89.0,466,Komedie,12,10
3018.0,USA,(1969–1974),66.0,17,Komedie,12,10
45.0,USA,1986,68.0,37,Drama,5,10
44.0,USA,2003,88.0,41,Drama,5,10
44.0,USA,2003,91.0,43,Drama,5,10
46.0,USA,1996,62.0,59,Sci-Fi,24,10
23.0,USA,1960,82.0,13,Animovaný,2,10
26.0,USA,1961,83.0,12,Animovaný,2,10
650.0,USA,(1964–1965),79.0,19,Animovaný,2,10
7.0,USA,1965,88.0,190,Animovaný,2,10
8.0,USA,1949,92.0,431,Animovaný,2,10
45.0,USA,1995,85.0,36,Drama,5,10
45.0,USA,1996,78.0,31,Drama,5,10
45.0,USA,2001,71.0,17,Drama,5,10
45.0,USA,2001,71.0,15,Drama,5,10
45.0,USA,2002,68.0,16,Drama,5,10
45.0,USA,2006,65.0,15,Drama,5,10
45.0,USA,2009,64.0,14,Drama,5,10
433.0,USA,1995,80.0,405,Sci-Fi,24,10
56.0,USA,1999,89.0,20,Krimi,13,10
57.0,USA,2002,84.0,18,Krimi,13,10
60.0,USA,1997,78.0,10,Drama,5,10
7.0,USA,2000,72.0,28,Krátkometrážní,14,10
690.0,Česko,1997,87.0,367,Drama,5,12
45.0,USA,1995,70.0,33,Drama,5,10
45.0,USA,1995,66.0,32,Drama,5,10
45.0,USA,1997,65.0,24,Drama,5,10
45.0,USA,1999,53.0,21,Drama,5,10
45.0,USA,1989,80.0,135,Sci-Fi,24,10
45.0,USA,1990,67.0,127,Sci-Fi,24,10
46.0,USA,1990,66.0,121,Sci-Fi,24,10
45.0,USA,1997,66.0,73,Sci-Fi,24,10
45.0,USA,2000,64.0,76,Sci-Fi,24,10
22.0,USA,1987,72.0,18,Krimi,13,10
22.0,USA,1988,64.0,16,Krimi,13,10
22.0,USA,1989,70.0,16,Krimi,13,10
55.0,USA,2006,90.0,147,Drama,5,10
46.0,USA,1991,63.0,62,Drama,5,10
46.0,USA,1992,59.0,59,Drama,5,10
44.0,USA,1997,50.0,37,Drama,5,10
45.0,USA,1990,75.0,11,Komedie,12,10
952.0,USA,(2004–2005),79.0,159,Dobrodružný,3,10
43.0,USA,2005,82.0,75,Dobrodružný,3,10
44.0,USA,2004,89.0,49,Akční,1,10
44.0,USA,2005,88.0,44,Akční,1,10
44.0,Kanada,2000,71.0,16,Akční,1,4
4213.0,Kanada,(1997–2001),48.0,4 846,Akční,1,4
45.0,USA,2003,73.0,45,Akční,1,10
45.0,USA,2006,74.0,43,Akční,1,10
943.0,USA,(1998–1999),80.0,17,Drama,5,10
47.0,USA,1993,62.0,28,Dobrodružný,3,10
45.0,USA,1994,56.0,20,Dobrodružný,3,10
44.0,USA,1997,57.0,18,Dobrodružný,3,10
42.0,USA,1997,51.0,21,Dobrodružný,3,10
43.0,USA,2002,72.0,10,Krimi,13,10
30.0,USA,2000,69.0,123,Komedie,12,10
47.0,USA,1985,72.0,26,Komedie,12,10
24.0,USA,1988,75.0,21,Komedie,12,10
23.0,USA,1993,68.0,15,Komedie,12,10
23.0,USA,1994,69.0,15,Komedie,12,10
22.0,USA,1995,69.0,14,Komedie,12,10
22.0,USA,1994,80.0,159,Komedie,12,10
22.0,USA,1998,79.0,133,Komedie,12,10
42.0,USA,2000,74.0,74,Drama,5,10
360.0,Francie,2014,62.0,24,Krimi,13,1
43.0,USA,2004,85.0,26,Krimi,13,10
41.0,USA,2009,78.0,17,Krimi,13,10
1007.0,USA,(2009–2010),77.0,38,Krimi,13,10
42.0,USA,2020,76.0,14,Krimi,13,10
42.0,USA,2021,72.0,10,Krimi,13,10
25.0,USA,1995,87.0,30,Horor,10,10
48.0,USA,1975,60.0,24,Krimi,13,10
49.0,USA,1979,71.0,26,Drama,5,10
49.0,USA,1980,68.0,26,Drama,5,10
49.0,USA,1980,71.0,26,Drama,5,10
49.0,USA,1983,62.0,21,Drama,5,10
47.0,USA,1988,56.0,16,Drama,5,10
48.0,USA,1990,51.0,16,Drama,5,10
48.0,USA,1990,53.0,16,Drama,5,10
42.0,USA,1997,70.0,35,Komedie,12,10
60.0,USA,2003,88.0,41,Krimi,13,10
60.0,USA,2006,96.0,34,Krimi,13,10
43.0,USA,2003,72.0,17,Drama,5,10
55.0,USA,2020,83.0,355,Akční,1,10
50.0,USA,2022,62.0,163,Akční,1,10
45.0,USA,1994,73.0,19,Drama,5,10
42.0,USA,2002,78.0,26,Dobrodružný,3,10
42.0,USA,2003,77.0,24,Dobrodružný,3,10
28.0,USA,2020,68.0,10,Komedie,12,10
102.0,USA,1968,64.0,10,Krimi,13,10
834.0,USA,1993,61.0,652,Drama,5,10
22.0,USA,1993,83.0,23,Drama,5,10
47.0,Velká Británie,1985,82.0,52,Akční,1,11
22.0,USA,1993,66.0,13,Komedie,12,10
95.0,Velká Británie,1979,58.0,70,Drama,5,11
41.0,USA,2019,64.0,28,Dokumentární,4,10
48.0,USA,1995,79.0,53,Animovaný,2,10
56.0,Česko,1994,75.0,84,Romantický,23,12
100.0,USA,2019,46.0,427,Krimi,13,10
48.0,USA,1986,63.0,15,Akční,1,10
45.0,USA,2001,89.0,100,Akční,1,10
5837.0,USA,(2000–2006),56.0,268,Drama,5,10
45.0,Velká Británie,2019,72.0,13,Dokumentární,4,11
46.0,USA,2002,71.0,20,Krimi,13,10
46.0,USA,2003,67.0,20,Krimi,13,10
60.0,USA,1999,16.0,2 677,Akční,1,10
299.0,USA,1987,80.0,182,Komedie,12,10
23.0,USA,1997,68.0,50,Komedie,12,10
25.0,USA,1966,85.0,29,Komedie,12,10
90.0,USA,1999,85.0,491,Dokumentární,4,10
41.0,USA,2002,66.0,20,Krimi,13,10
42.0,USA,2009,60.0,14,Krimi,13,10
44.0,USA,2003,73.0,12,Drama,5,10
45.0,USA,1997,69.0,32,Akční,1,10
45.0,USA,1999,82.0,47,Akční,1,10
43.0,USA,2006,81.0,111,Komedie,12,10
41.0,USA,2009,76.0,97,Komedie,12,10
144.0,Japonsko,2019,70.0,18,Animovaný,2,3
44.0,USA,1993,59.0,28,Akční,1,10
43.0,USA,1993,58.0,25,Akční,1,10
43.0,USA,1994,59.0,27,Akční,1,10
43.0,USA,1995,52.0,20,Akční,1,10
22.0,USA,2018,85.0,22,Animovaný,2,10
56.0,USA,2019,75.0,34,Akční,1,10
51.0,USA,2021,74.0,19,Akční,1,10
21.0,USA,1989,62.0,11,Komedie,12,10
21.0,USA,1991,68.0,10,Komedie,12,10
109.0,USA,1981,69.0,487,Krimi,13,10
58.0,Česko,2000,74.0,69,Krimi,13,12
28.0,Česko,1993,74.0,204,Pohádka,18,12
28.0,Česko,1993,73.0,189,Pohádka,18,12
22.0,USA,1996,87.0,65,Komedie,12,10
22.0,USA,1997,84.0,58,Komedie,12,10
50.0,USA,2020,54.0,17,Akční,1,10
15.0,Kanada,2018,67.0,18,Krátkometrážní,14,4
23.0,USA,1991,73.0,30,Komedie,12,10
10439.0,USA,(1981–1989),18.0,5 111,Drama,5,10
16.0,Česko,2014,21.0,28,Krátkometrážní,14,12
3.0,Česko,2019,70.0,29,Dokumentární,4,12
572.0,Velká Británie,(2015–2016),69.0,18,Animovaný,2,11
22.0,USA,1992,90.0,620,Animovaný,2,10
22.0,USA,1996,86.0,459,Animovaný,2,10
464.0,USA,(2014–2015),78.0,932,Animovaný,2,10
22.0,USA,2000,89.0,386,Animovaný,2,10
22.0,USA,2002,90.0,370,Animovaný,2,10
21.0,USA,2009,91.0,332,Animovaný,2,10
21.0,USA,2020,59.0,204,Animovaný,2,10
45.0,USA,2017,60.0,19,Krátkometrážní,14,10
55.0,Velká Británie,1976,84.0,36,Drama,5,11
23.0,USA,2007,87.0,39,Animovaný,2,10
23.0,USA,2016,80.0,23,Animovaný,2,10
50.0,Česko,1995,69.0,88,Drama,5,12
52.0,Česko,1997,65.0,68,Drama,5,12
50.0,USA,2005,75.0,19,Drama,5,10
67.0,USA,2008,86.0,13,Sportovní,26,10
42.0,USA,2019,33.0,11,Reality-TV,21,10
29.0,USA,2019,85.0,56,Drama,5,10
28.0,USA,2020,77.0,45,Drama,5,10
8.0,USA,1942,78.0,97,Animovaný,2,10
138.0,USA,1974,73.0,58,Animovaný,2,10
82.0,USA,2019,39.0,68,Thriller,28,10
30.0,USA,2019,80.0,13,Komedie,12,10
23.0,USA,1996,76.0,19,Komedie,12,10
25.0,USA,2021,90.0,40,Animovaný,2,10
85.0,Kanada,2019,84.0,10,Dokumentární,4,4
26.0,Japonsko,2019,71.0,15,Animovaný,2,3
21.0,USA,1929,64.0,36,Komedie,12,10
26.0,USA,1930,69.0,38,Krátkometrážní,14,10
120.0,USA,2019,84.0,33,Dokumentární,4,10
24.0,USA,2020,85.0,22,Animovaný,2,10
23.0,USA,2000,74.0,22,Komedie,12,10
22.0,USA,2019,62.0,17,Komedie,12,10
45.0,USA,2020,39.0,138,Drama,5,10
70.0,USA,1992,54.0,19,Animovaný,2,10
51.0,USA,2020,71.0,108,Akční,1,10
60.0,USA,1998,84.0,836,Krimi,13,10
25.0,USA,2021,74.0,48,Životopisný,30,10
351.0,Česko,2021,69.0,4 555,Životopisný,30,12
64.0,Španělsko,2019,74.0,31,Thriller,28,13
100.0,Velká Británie,2019,56.0,122,Komedie,12,11
98.0,USA,1995,65.0,100,Akční,1,10
1980.0,USA,(2000–2001),36.0,218,Akční,1,10
26.0,USA,2019,73.0,77,Krátkometrážní,14,10
22.0,USA,1990,84.0,54,Animovaný,2,10
96.0,Japonsko,2019,79.0,21,Drama,5,3
20.0,USA,1999,77.0,14,Animovaný,2,10
1113.0,USA,(1997–2001),63.0,204,Animovaný,2,10
105.0,Japonsko,1990,93.0,103,Hudební,11,3
12.0,Česko,2019,6.0,273,Komedie,12,12
22.0,USA,2013,87.0,262,Animovaný,2,10
30.0,Česko,2019,18.0,78,Soutěžní,25,12
29.0,Česko,1999,85.0,21,Dokumentární,4,12
56.0,Francie,2018,81.0,34,Dokumentární,4,1
105.0,USA,2015,36.0,15,Western,29,10
30.0,USA,2019,84.0,10,Dokumentární,4,10
94.0,Kanada,2019,34.0,71,Romantický,23,4
45.0,Španělsko,2021,76.0,10,Drama,5,13
90.0,USA,2021,50.0,35,Komedie,12,10
26.0,Česko,2015,44.0,19,Dokumentární,4,12
8.0,Velká Británie,1990,79.0,30,Krátkometrážní,14,11
54.0,Česko,2019,78.0,21,Dokumentární,4,12
44.0,Velká Británie,2019,53.0,23,Krimi,13,11
113.0,Velká Británie,1989,65.0,136,Drama,5,11
440.0,Velká Británie,2002,81.0,50,Drama,5,11
100.0,Slovensko,2019,63.0,20,Hudební,11,9
68.0,Česko,2020,47.0,318,Komedie,12,12
63.0,Česko,2020,55.0,130,Komedie,12,12
61.0,Česko,2020,50.0,104,Komedie,12,12
24.0,USA,1993,84.0,65,Komedie,12,10
22.0,USA,1996,76.0,53,Komedie,12,10
22.0,USA,1998,74.0,52,Komedie,12,10
3.0,Velká Británie,2020,91.0,18,Krátkometrážní,14,11
147.0,Rakousko,1962,65.0,33,Drama,5,8
61.0,USA,2020,69.0,28,Dokumentární,4,10
7.0,Slovensko,2020,48.0,20,Komedie,12,9
85.0,USA,1998,28.0,12,Krimi,13,10
9.0,USA,2019,70.0,115,Krátkometrážní,14,10
400.0,Slovensko,2020,51.0,87,Rodinný,22,9
103.0,Německo,2020,66.0,39,Drama,5,6
45.0,USA,2020,79.0,28,Dokumentární,4,10
1035.0,Velká Británie,(2020–2024),68.0,144,Krimi,13,11
89.0,Česko,2020,71.0,402,Dokumentární,4,12
22.0,USA,2000,81.0,255,Animovaný,2,10
22.0,USA,2001,86.0,259,Animovaný,2,10
22.0,USA,2008,82.0,223,Animovaný,2,10
22.0,USA,2008,83.0,202,Animovaný,2,10
22.0,USA,2018,83.0,244,Animovaný,2,10
5.0,USA,1991,68.0,36,Krátkometrážní,14,10
51.0,Španělsko,2021,82.0,352,Drama,5,13
52.0,Velká Británie,2020,74.0,32,Drama,5,11
61.0,USA,2020,80.0,52,Dokumentární,4,10
155.0,Česko,2015,80.0,16,Drama,5,12
170.0,USA,2001,60.0,533,Fantasy,7,10
910.0,Japonsko,(2020–2024),73.0,193,Animovaný,2,3
70.0,USA,1939,78.0,45,Western,29,10
41.0,Španělsko,2020,68.0,31,Drama,5,13
25.0,USA,2020,81.0,41,Animovaný,2,10
45.0,USA,2021,55.0,65,Sci-Fi,24,10
50.0,USA,2022,63.0,1 152,Akční,1,10
7.0,Německo,2019,58.0,24,Krátkometrážní,14,6
24.0,Velká Británie,1988,87.0,20,Hudební,11,11
22.0,USA,1989,87.0,33,Animovaný,2,10
24.0,USA,1992,84.0,17,Animovaný,2,10
15.0,Česko,2020,58.0,13,Rodinný,22,12
275.0,Francie,2003,75.0,59,Krimi,13,1
90.0,USA,1995,62.0,13,Horor,10,10
14.0,Česko,2020,56.0,16,Rodinný,22,12
10.0,Česko,2020,33.0,98,Komedie,12,12
42.0,USA,2021,63.0,16,Akční,1,10
90.0,USA,1948,68.0,16,Western,29,10
104.0,USA,2021,47.0,73,Drama,5,10
91.0,USA,2020,19.0,18,Horor,10,10
30.0,USA,2020,73.0,564,Komedie,12,10
106.0,Španělsko,2020,67.0,11,Drama,5,13
55.0,Francie,1977,78.0,108,Životopisný,30,1
177.0,USA,(2020–2021),87.0,126,Animovaný,2,10
47.0,USA,2020,82.0,212,Dokumentární,4,10
95.0,Francie,2020,61.0,19,Drama,5,1
90.0,Německo,2004,47.0,15,Drama,5,6
3.0,USA,2014,65.0,11,Krátkometrážní,14,10
160.0,Francie,1993,77.0,15,Historický,9,1
105.0,Kanada,2020,60.0,855,Sci-Fi,24,4
96.0,USA,1998,57.0,97,Akční,1,10
309.0,USA,2020,82.0,477,Komedie,12,10
55.0,Česko,2020,43.0,41,Drama,5,12
50.0,USA,2020,64.0,34,Akční,1,10
91.0,Polsko,1995,75.0,187,Komedie,12,7
100.0,USA,2001,40.0,46,Dobrodružný,3,10
58.0,USA,2020,74.0,63,Drama,5,10
6.0,Česko,2013,54.0,16,Krátkometrážní,14,12
93.0,USA,2020,14.0,40,Akční,1,10
112.0,USA,2002,58.0,7 958,Komedie,12,10
44.0,USA,2021,81.0,59,Komedie,12,10
21.0,Česko,2020,43.0,22,Dokumentární,4,12
4.0,Česko,2020,54.0,13,Krátkometrážní,14,12
88.0,USA,1950,62.0,37,Dobrodružný,3,10
57.0,Česko,2020,87.0,17,Hudební,11,12
184.0,Německo,2001,66.0,47,Drama,5,6
568.0,Německo,(2020–2022),72.0,2 853,Akční,1,6
88.0,USA,1997,48.0,10,Animovaný,2,10
96.0,Německo,1992,78.0,89,Dokumentární,4,6
75.0,Velká Británie,1967,51.0,26,Sci-Fi,24,11
1032.0,Japonsko,(1987–1988),80.0,11,Animovaný,2,3
4.0,USA,2020,75.0,22,Krátkometrážní,14,10
26.0,Česko,2020,84.0,56,Dokumentární,4,12
93.0,USA,1987,57.0,46,Komedie,12,10
83.0,USA,2020,47.0,38,Dokumentární,4,10
10.0,Japonsko,2020,60.0,12,Dokumentární,4,3
21.0,USA,2004,82.0,48,Komedie,12,10
60.0,USA,2020,66.0,10,Dokumentární,4,10
100.0,Itálie,1962,74.0,18,Akční,1,2
292.0,Španělsko,2020,80.0,104,Drama,5,13
2280.0,Japonsko,(1996–1998),83.0,476,Animovaný,2,3
96.0,Japonsko,1972,85.0,133,Drama,5,3
48.0,Česko,2020,64.0,15,Krátkometrážní,14,12
75.0,USA,2001,76.0,351,Animovaný,2,10
22.0,USA,1998,75.0,24,Komedie,12,10
22.0,USA,1999,74.0,21,Komedie,12,10
50.0,USA,2021,48.0,47,Dokumentární,4,10
48.0,USA,2021,77.0,340,Dokumentární,4,10
47.0,USA,2022,67.0,11,Animovaný,2,10
71.0,USA,2024,87.0,1 956,Drama,5,10
99.0,Španělsko,1985,76.0,11,Drama,5,13
89.0,USA,1948,76.0,224,Drama,5,10
25.0,Česko,2020,83.0,14,Dokumentární,4,12
1191.0,Česko,2021,39.0,589,Drama,5,12
12.0,Česko,2020,58.0,11,Krátkometrážní,14,12
66.0,USA,1933,75.0,11,Drama,5,10
109.0,USA,1953,73.0,43,Dobrodružný,3,10
83.0,USA,1931,78.0,456,Drama,5,10
52.0,Francie,2021,74.0,18,Krimi,13,1
72.0,USA,1932,65.0,13,Drama,5,10
100.0,USA,2021,56.0,139,Životopisný,30,10
111.0,Japonsko,2001,75.0,17,Komedie,12,3
87.0,USA,2021,35.0,68,Thriller,28,10
32.0,USA,2021,63.0,24,Drama,5,10
28.0,USA,2021,78.0,35,Drama,5,10
77.0,Česko,2021,67.0,14,Drama,5,12
90.0,Německo,2015,46.0,58,Drama,5,6
542.0,USA,2016,66.0,102,Drama,5,10
100.0,USA,1973,73.0,14,Drama,5,10
43.0,Německo,2020,79.0,31,Dokumentární,4,6
44.0,USA,2021,74.0,94,Drama,5,10
30.0,Slovensko,2006,58.0,10,Krátkometrážní,14,9
22.0,USA,2004,72.0,10,Komedie,12,10
22.0,USA,2005,68.0,10,Komedie,12,10
194.0,Polsko,2021,53.0,15,Animovaný,2,7
104.0,Maďarsko,1999,64.0,35,Komedie,12,5
12.0,USA,1914,64.0,11,Komedie,12,10
